,trade_date,ts_code,exalter, buy , sell ,net_buy,side,reason
375,20130104,600784.SH,安信证券股份有限公司济南泉城路证券营业部," 80,370.00 ",,-80370,1,涨幅偏离值达7%的证券
307,20130104,300316.SZ,安信证券股份有限公司揭阳惠来证券营业部," 2,890,920.00 ", -   ,-2890920,1,涨幅偏离值达7%的证券
64,20130104,000799.SZ,安信证券股份有限公司上海世纪大道证券营业部," 46,673,984.40 "," 1,065,187.82 ",-45608796.58,1,换手率达20%的证券
207,20130104,002694.SZ,安信证券股份有限公司上海世纪大道中建大厦证券营业部, -   ," 4,286,723.39 ",4286723.39,0,换手率达20%的证券
209,20130104,002694.SZ,渤海证券股份有限公司上海彰武路证券营业部," 1,959.00 "," 1,898,662.00 ",1896703,0,换手率达20%的证券
366,20130104,600722.SH,财达证券有限责任公司沧州广场街证券营业部," 3,125,053.00 ",,-3125053,1,ST股票、*ST股票和S股连续三个交易日触及涨幅限制的股票
309,20130104,300316.SZ,财达证券有限责任公司秦皇岛海宁路证券营业部, -   ," 3,733,808.56 ",3733808.56,0,涨幅偏离值达7%的证券
198,20130104,002671.SZ,财达证券有限责任公司秦皇岛迎宾路证券营业部, -   ," 3,094,576.00 ",3094576,0,涨幅偏离值达7%的证券
218,20130104,002700.SZ,财富证券有限责任公司长沙曙光中路证券营业部," 93,512.00 "," 2,173,459.40 ",2079947.4,0,换手率达20%的证券
329,20130104,300353.SZ,财通证券有限责任公司湖州红旗路证券营业部," 2,794,584.52 "," 45,508.00 ",-2749076.52,1,换手率达20%的证券
318,20130104,300348.SZ,财通证券有限责任公司丽水北苑路证券营业部, -   ," 1,988,109.80 ",1988109.8,0,换手率达20%的证券
337,20130104,600532.SH,财通证券有限责任公司宁波天童北路证券营业部," 5,491,595.00 ",,-5491595,1,涨幅偏离值达7%的证券
118,20130104,002145.SZ,财通证券有限责任公司绍兴人民中路证券营业部," 8,969,365.18 "," 40,804.00 ",-8928561.18,1,换手率达20%的证券
119,20130104,002145.SZ,财通证券有限责任公司绍兴人民中路证券营业部," 8,969,365.18 "," 40,804.00 ",-8928561.18,1,涨幅偏离值达7%的证券
269,20130104,300262.SZ,财通证券有限责任公司绍兴人民中路证券营业部," 4,547,120.09 "," 27,140,991.73 ",22593871.64,0,换手率达20%的证券
199,20130104,002671.SZ,财通证券有限责任公司台州解放南路证券营业部," 3,032,971.70 "," 6,720.00 ",-3026251.7,1,涨幅偏离值达7%的证券
189,20130104,002606.SZ,财通证券有限责任公司温岭东辉北路证券营业部," 13,544,417.31 "," 69,034.00 ",-13475383.31,1,换手率达20%的证券
338,20130104,600532.SH,财通证券有限责任公司温岭东辉北路证券营业部," 12,121,736.00 ",,-12121736,1,涨幅偏离值达7%的证券
274,20130104,300291.SZ,大通证券股份有限公司北京建国路证券营业部, -   ," 3,084,307.13 ",3084307.13,0,涨幅偏离值达7%的证券
177,20130104,002492.SZ,大同证券经纪有限责任公司大同站北街证券营业部," 11,112,500.00 ", -   ,-11112500,1,涨幅偏离值达7%的证券
48,20130104,000677.SZ,第一创业证券股份有限公司北京平安大街证券营业部," 138,975.00 ", -   ,-138975,1,连续三个交易日内，涨幅偏离值累计达到12%的ST证券、*ST证券和未完成股改证券
188,20130104,002606.SZ,第一创业证券股份有限公司北京平安大街证券营业部," 331,012.00 "," 2,863,406.31 ",2532394.31,0,换手率达20%的证券
370,20130104,600784.SH,东北证券股份有限公司长春前进大街证券营业部," 265,620.00 ",,-265620,1,涨幅偏离值达7%的证券
231,20130104,300103.SZ,东方证券股份有限公司抚顺裕民路证券营业部," 3,614,126.98 "," 24,744.00 ",-3589382.98,1,换手率达20%的证券
377,20130104,600882.SH,东方证券股份有限公司上海四平路证券营业部,," 8,762,318.19 ",8762318.19,0,连续三个交易日内，涨幅偏离值累计达20%的证券
80,20130104,000898.SZ,东海证券有限责任公司南京长江路证券营业部," 7,129,661.34 ", -   ,-7129661.34,1,涨幅偏离值达7%的证券
120,20130104,002151.SZ,东海证券有限责任公司南京长江路证券营业部," 14,038,706.97 "," 20,566,013.34 ",6527306.37,0,连续三个交易日内，涨幅偏离值累计达20%的证券
121,20130104,002151.SZ,东海证券有限责任公司南京长江路证券营业部," 14,038,706.97 "," 20,566,013.34 ",6527306.37,1,连续三个交易日内，涨幅偏离值累计达20%的证券
170,20130104,002492.SZ,东海证券有限责任公司深圳香梅路证券营业部," 31,508,085.00 ", -   ,-31508085,1,涨幅偏离值达7%的证券
250,20130104,300251.SZ,东吴证券股份有限公司昆山前进中路证券营业部," 405,856.70 "," 7,695,624.70 ",7289768,0,换手率达20%的证券
300,20130104,300316.SZ,东吴证券股份有限公司昆山前进中路证券营业部," 525,322.61 "," 2,254,879.93 ",1729557.32,0,涨幅偏离值达7%的证券
320,20130104,300353.SZ,东吴证券股份有限公司昆山前进中路证券营业部," 74,577.54 "," 1,648,484.74 ",1573907.2,0,换手率达20%的证券
220,20130104,002703.SZ,东吴证券股份有限公司苏州工业园区现代大道证券营业部," 566,544.96 "," 1,495,952.88 ",929407.92,0,换手率达20%的证券
321,20130104,300353.SZ,东吴证券股份有限公司长沙人民中路证券营业部," 3,272,931.21 ", -   ,-3272931.21,1,换手率达20%的证券
230,20130104,300103.SZ,东兴证券股份有限公司泉州田安路证券营业部," 6,226,766.60 "," 93,673.00 ",-6133093.6,1,换手率达20%的证券
56,20130104,000750.SZ,方正证券股份有限公司杭州延安路证券营业部," 127,212.53 "," 18,380,466.00 ",18253253.47,0,换手率达20%的证券
287,20130104,300295.SZ,方正证券股份有限公司冷水江锑都中路证券营业部, -   ," 5,934,918.00 ",5934918,0,涨幅偏离值达7%的证券
55,20130104,000750.SZ,方正证券股份有限公司台州解放路证券营业部," 694,809.00 "," 13,392,096.20 ",12697287.2,0,换手率达20%的证券
194,20130104,002671.SZ,方正证券股份有限公司长沙建湘路证券营业部, -   ," 5,776,582.00 ",5776582,0,涨幅偏离值达7%的证券
235,20130104,300103.SZ,光大证券股份有限公司奉化南山路证券营业部," 2,864,770.08 ", -   ,-2864770.08,1,换手率达20%的证券
353,20130104,600537.SH,光大证券股份有限公司佛山绿景路证券营业部,," 15,921,741.75 ",15921741.75,0,涨幅偏离值达7%的证券
190,20130104,002671.SZ,光大证券股份有限公司杭州庆春路证券营业部, -   ," 5,936,465.80 ",5936465.8,0,涨幅偏离值达7%的证券
253,20130104,300251.SZ,光大证券股份有限公司宁波彩虹南路证券营业部," 16,779,594.27 "," 5,427,913.00 ",-11351681.27,1,换手率达20%的证券
372,20130104,600784.SH,光大证券股份有限公司宁波解放南路证券营业部,," 2,732,010.00 ",2732010,0,涨幅偏离值达7%的证券
323,20130104,300353.SZ,光大证券股份有限公司宁波中山西路证券营业部," 28,912.00 "," 1,809,685.00 ",1780773,0,换手率达20%的证券
84,20130104,000898.SZ,光大证券股份有限公司上海世纪大道证券营业部," 29,620.00 "," 25,831,823.00 ",25802203,0,涨幅偏离值达7%的证券
102,20130104,002145.SZ,光大证券股份有限公司上海世纪大道证券营业部," 6,886,812.60 "," 84,464.88 ",-6802347.72,1,换手率达20%的证券
103,20130104,002145.SZ,光大证券股份有限公司上海世纪大道证券营业部," 6,886,812.60 "," 84,464.88 ",-6802347.72,1,涨幅偏离值达7%的证券
4,20130104,000043.SZ,光大证券股份有限公司深圳金田路证券营业部," 3,067,442.00 "," 27,633,247.70 ",24565805.7,0,连续三个交易日内，涨幅偏离值累计达20%的证券
94,20130104,001914.SZ,光大证券股份有限公司深圳金田路证券营业部," 3,067,442.00 "," 27,633,247.70 ",24565805.7,0,连续三个交易日内，涨幅偏离值累计达20%的证券
263,20130104,300262.SZ,光大证券股份有限公司深圳金田路证券营业部," 17,202,495.10 "," 5,832,845.60 ",-11369649.5,0,换手率达20%的证券
264,20130104,300262.SZ,光大证券股份有限公司深圳金田路证券营业部," 17,202,495.10 "," 5,832,845.60 ",-11369649.5,1,换手率达20%的证券
164,20130104,002484.SZ,光大证券股份有限公司深圳新园路证券营业部," 1,866,500.85 "," 16,330.00 ",-1850170.85,1,涨幅偏离值达7%的证券
304,20130104,300316.SZ,光大证券股份有限公司深圳新园路证券营业部," 4,091,089.73 ", -   ,-4091089.73,1,涨幅偏离值达7%的证券
14,20130104,000156.SZ,光大证券股份有限公司余姚阳明西路证券营业部," 25,806.00 "," 8,668,521.32 ",8642715.32,0,换手率达20%的证券
15,20130104,000156.SZ,光大证券股份有限公司余姚阳明西路证券营业部," 25,806.00 "," 8,668,521.32 ",8642715.32,0,涨幅偏离值达7%的证券
332,20130104,600532.SH,光大证券股份有限公司余姚阳明西路证券营业部,," 20,831,491.00 ",20831491,0,涨幅偏离值达7%的证券
222,20130104,002703.SZ,光大证券股份有限公司长沙芙蓉中路证券营业部," 1,040,022.00 ", -   ,-1040022,1,换手率达20%的证券
156,20130104,002460.SZ,广发证券股份有限公司杭州市天目山路证券营业部, -   ," 4,311,720.00 ",4311720,0,涨幅偏离值达7%的证券
325,20130104,300353.SZ,广发证券股份有限公司荆州北京路证券营业部," 4,306,434.23 "," 353,152.00 ",-3953282.23,1,换手率达20%的证券
208,20130104,002694.SZ,广发证券股份有限公司汕头梅溪东路证券营业部," 4,348,267.20 "," 65,557.00 ",-4282710.2,1,换手率达20%的证券
316,20130104,300348.SZ,广发证券股份有限公司上海中山北二路证券营业部," 2,283,410.54 "," 793,553.00 ",-1489857.54,1,换手率达20%的证券
110,20130104,002145.SZ,广发证券股份有限公司深圳民田路证券营业部," 5,107,537.01 "," 12,357,790.60 ",7250253.59,0,换手率达20%的证券
111,20130104,002145.SZ,广发证券股份有限公司深圳民田路证券营业部," 5,107,537.01 "," 12,357,790.60 ",7250253.59,0,涨幅偏离值达7%的证券
383,20130104,600882.SH,广发证券股份有限公司深圳民田路证券营业部,," 14,658,604.03 ",14658604.03,0,连续三个交易日内，涨幅偏离值累计达20%的证券
384,20130104,600882.SH,广发证券股份有限公司深圳民田路证券营业部," 15,935,221.15 ",,-15935221.15,1,连续三个交易日内，涨幅偏离值累计达20%的证券
108,20130104,002145.SZ,广发证券股份有限公司深圳南园路证券营业部, -   ," 5,105,573.00 ",5105573,0,换手率达20%的证券
109,20130104,002145.SZ,广发证券股份有限公司深圳南园路证券营业部, -   ," 5,105,573.00 ",5105573,0,涨幅偏离值达7%的证券
226,20130104,002703.SZ,广发证券股份有限公司苏州干将东路证券营业部," 803,668.00 ", -   ,-803668,1,换手率达20%的证券
148,20130104,002239.SZ,广发证券股份有限公司烟台大海阳路证券营业部," 2,422,000.00 ", -   ,-2422000,1,连续三个交易日内，涨幅偏离值累计达20%的证券
273,20130104,300291.SZ,国都证券有限责任公司北京北三环中路证券营业部, -   ," 7,884,632.47 ",7884632.47,0,涨幅偏离值达7%的证券
224,20130104,002703.SZ,国都证券有限责任公司深圳金田路证券营业部," 733,924.76 "," 8,562.00 ",-725362.76,1,换手率达20%的证券
206,20130104,002694.SZ,国海证券股份有限公司桂林荔浦县荔柳路证券营业部, -   ," 2,067,357.20 ",2067357.2,0,换手率达20%的证券
306,20130104,300316.SZ,国海证券股份有限公司南宁教育路证券营业部," 2,757,862.55 "," 359,285.00 ",-2398577.55,1,涨幅偏离值达7%的证券
314,20130104,300348.SZ,国海证券股份有限公司南宁教育路证券营业部," 3,071.00 "," 2,376,747.19 ",2373676.19,0,换手率达20%的证券
63,20130104,000799.SZ,国金证券股份有限公司上海中山南路证券营业部," 85,906,085.49 "," 330,200.00 ",-85575885.49,1,换手率达20%的证券
293,20130104,300298.SZ,国联证券股份有限公司宜兴人民南路证券营业部," 6,098.00 "," 5,387,839.77 ",5381741.77,0,涨幅偏离值达7%的证券
8,20130104,000043.SZ,国泰君安交易单元(227002)," 29,495,913.03 "," 27,716,096.64 ",-1779816.39,0,连续三个交易日内，涨幅偏离值累计达20%的证券
9,20130104,000043.SZ,国泰君安交易单元(227002)," 29,495,913.03 "," 27,716,096.64 ",-1779816.39,1,连续三个交易日内，涨幅偏离值累计达20%的证券
98,20130104,001914.SZ,国泰君安交易单元(227002)," 29,495,913.03 "," 27,716,096.64 ",-1779816.39,0,连续三个交易日内，涨幅偏离值累计达20%的证券
99,20130104,001914.SZ,国泰君安交易单元(227002)," 29,495,913.03 "," 27,716,096.64 ",-1779816.39,1,连续三个交易日内，涨幅偏离值累计达20%的证券
285,20130104,300295.SZ,国泰君安交易单元(227002), -   ," 8,893,500.00 ",8893500,0,涨幅偏离值达7%的证券
62,20130104,000799.SZ,国泰君安交易单元(390426)," 167,007,683.64 ", -   ,-167007683.6,1,换手率达20%的证券
272,20130104,300291.SZ,国泰君安证券股份有限公司北京金融街证券营业部, -   ," 5,773,293.44 ",5773293.44,0,涨幅偏离值达7%的证券
128,20130104,002151.SZ,国泰君安证券股份有限公司成都北一环路证券营业部," 13,260,163.23 "," 17,760,956.25 ",4500793.02,0,连续三个交易日内，涨幅偏离值累计达20%的证券
129,20130104,002151.SZ,国泰君安证券股份有限公司成都北一环路证券营业部," 13,260,163.23 "," 17,760,956.25 ",4500793.02,1,连续三个交易日内，涨幅偏离值累计达20%的证券
236,20130104,300103.SZ,国泰君安证券股份有限公司成都北一环路证券营业部," 515,695.60 "," 4,661,723.00 ",4146027.4,0,换手率达20%的证券
364,20130104,600722.SH,国泰君安证券股份有限公司成都北一环路证券营业部,," 8,888,419.92 ",8888419.92,0,ST股票、*ST股票和S股连续三个交易日触及涨幅限制的股票
53,20130104,000750.SZ,国泰君安证券股份有限公司宁波彩虹北路证券营业部," 29,916,219.49 "," 12,981,447.87 ",-16934771.62,0,换手率达20%的证券
54,20130104,000750.SZ,国泰君安证券股份有限公司宁波彩虹北路证券营业部," 29,916,219.49 "," 12,981,447.87 ",-16934771.62,1,换手率达20%的证券
265,20130104,300262.SZ,国泰君安证券股份有限公司宁波彩虹北路证券营业部," 215,841.00 "," 5,087,657.70 ",4871816.7,0,换手率达20%的证券
166,20130104,002484.SZ,国泰君安证券股份有限公司厦门嘉禾路证券营业部, -   ," 5,806,925.87 ",5806925.87,0,涨幅偏离值达7%的证券
126,20130104,002151.SZ,国泰君安证券股份有限公司上海打浦路证券营业部," 39,277,735.42 "," 36,408,595.62 ",-2869139.8,0,连续三个交易日内，涨幅偏离值累计达20%的证券
127,20130104,002151.SZ,国泰君安证券股份有限公司上海打浦路证券营业部," 39,277,735.42 "," 36,408,595.62 ",-2869139.8,1,连续三个交易日内，涨幅偏离值累计达20%的证券
144,20130104,002239.SZ,国泰君安证券股份有限公司上海打浦路证券营业部, -   ," 11,803,617.00 ",11803617,0,连续三个交易日内，涨幅偏离值累计达20%的证券
86,20130104,000898.SZ,国泰君安证券股份有限公司上海福山路证券营业部," 4,556.60 "," 13,694,238.00 ",13689681.4,0,涨幅偏离值达7%的证券
146,20130104,002239.SZ,国泰君安证券股份有限公司深圳笋岗路证券营业部, -   ," 1,349,748.93 ",1349748.93,0,连续三个交易日内，涨幅偏离值累计达20%的证券
44,20130104,000677.SZ,国泰君安证券股份有限公司深圳益田路证券营业部, -   ," 630,973.80 ",630973.8,0,连续三个交易日内，涨幅偏离值累计达到12%的ST证券、*ST证券和未完成股改证券
145,20130104,002239.SZ,国泰君安证券股份有限公司沈阳十一纬路证券营业部, -   ," 3,807,359.78 ",3807359.78,0,连续三个交易日内，涨幅偏离值累计达20%的证券
255,20130104,300251.SZ,国泰君安证券股份有限公司太原并州北路证券营业部, -   ," 10,063,426.21 ",10063426.21,0,换手率达20%的证券
356,20130104,600537.SH,国泰君安证券股份有限公司总部," 4,410,433.00 ",,-4410433,1,涨幅偏离值达7%的证券
186,20130104,002606.SZ,国信证券股份有限公司北京平安大街证券营业部," 912,230.00 "," 3,457,137.89 ",2544907.89,0,换手率达20%的证券
193,20130104,002671.SZ,国信证券股份有限公司厦门湖滨北路营业部," 59,517.00 "," 2,679,493.32 ",2619976.32,0,涨幅偏离值达7%的证券
7,20130104,000043.SZ,国信证券股份有限公司深圳福中一路证券营业部," 12,917,355.75 "," 7,246,189.35 ",-5671166.4,1,连续三个交易日内，涨幅偏离值累计达20%的证券
97,20130104,001914.SZ,国信证券股份有限公司深圳福中一路证券营业部," 12,917,355.75 "," 7,246,189.35 ",-5671166.4,1,连续三个交易日内，涨幅偏离值累计达20%的证券
52,20130104,000750.SZ,国信证券股份有限公司深圳泰然九路证券营业部," 8,377,419.36 "," 5,596,877.14 ",-2780542.22,1,换手率达20%的证券
382,20130104,600882.SH,国元证券股份有限公司北京西坝河南路证券营业部," 22,550,528.50 ",,-22550528.5,1,连续三个交易日内，涨幅偏离值累计达20%的证券
85,20130104,000898.SZ,国元证券股份有限公司上海虹桥路证券营业部, -   ," 45,198,725.72 ",45198725.72,0,涨幅偏离值达7%的证券
61,20130104,000799.SZ,国元证券股份有限公司台州世纪大道证券营业部, -   ," 41,842,107.08 ",41842107.08,0,换手率达20%的证券
324,20130104,300353.SZ,国元证券股份有限公司珠海金湾南翔路证券营业部, -   ," 2,997,491.50 ",2997491.5,0,换手率达20%的证券
22,20130104,000156.SZ,海通证券股份有限公司北京中关村南大街证券营业部," 2,697,989.00 "," 3,456,040.21 ",758051.21,0,换手率达20%的证券
23,20130104,000156.SZ,海通证券股份有限公司北京中关村南大街证券营业部," 2,697,989.00 "," 3,456,040.21 ",758051.21,0,涨幅偏离值达7%的证券
238,20130104,300103.SZ,海通证券股份有限公司北京中关村南大街证券营业部," 2,427,070.09 "," 4,809,339.56 ",2382269.47,0,换手率达20%的证券
39,20130104,000417.SZ,海通证券股份有限公司大庆经三街证券营业部," 4,463,335.23 ", -   ,-4463335.23,1,涨幅偏离值达7%的证券
278,20130104,300291.SZ,海通证券股份有限公司杭州环城西路证券营业部," 192,182.85 "," 2,814,900.00 ",2622717.15,0,涨幅偏离值达7%的证券
169,20130104,002484.SZ,海通证券股份有限公司杭州解放路证券营业部," 1,770,653.55 "," 759,687.96 ",-1010965.59,1,涨幅偏离值达7%的证券
138,20130104,002236.SZ,海通证券股份有限公司兰州东岗东路证券营业部, -   ," 19,090,913.05 ",19090913.05,0,跌幅偏离值达7%的证券
335,20130104,600532.SH,海通证券股份有限公司南京广州路营业部,," 3,291,300.00 ",3291300,0,涨幅偏离值达7%的证券
112,20130104,002145.SZ,海通证券股份有限公司南京广州路证券营业部," 13,397,081.95 "," 5,707,161.00 ",-7689920.95,0,换手率达20%的证券
113,20130104,002145.SZ,海通证券股份有限公司南京广州路证券营业部," 13,397,081.95 "," 5,707,161.00 ",-7689920.95,0,涨幅偏离值达7%的证券
114,20130104,002145.SZ,海通证券股份有限公司南京广州路证券营业部," 13,397,081.95 "," 5,707,161.00 ",-7689920.95,1,换手率达20%的证券
115,20130104,002145.SZ,海通证券股份有限公司南京广州路证券营业部," 13,397,081.95 "," 5,707,161.00 ",-7689920.95,1,涨幅偏离值达7%的证券
359,20130104,600537.SH,海通证券股份有限公司上海枣阳路证券营业部," 21,951,494.00 ",,-21951494,1,涨幅偏离值达7%的证券
237,20130104,300103.SZ,海通证券股份有限公司上海真华路证券营业部," 36,982.00 "," 8,357,060.93 ",8320078.93,0,换手率达20%的证券
58,20130104,000750.SZ,海通证券股份有限公司绍兴劳动路证券营业部," 347,456.00 "," 15,448,095.08 ",15100639.08,0,换手率达20%的证券
179,20130104,002492.SZ,海通证券股份有限公司绍兴劳动路证券营业部," 2,376,915.00 ", -   ,-2376915,1,涨幅偏离值达7%的证券
24,20130104,000156.SZ,海通证券股份有限公司深圳分公司红岭南路证券营业部," 4,047,846.93 "," 136,431.00 ",-3911415.93,1,换手率达20%的证券
25,20130104,000156.SZ,海通证券股份有限公司深圳分公司红岭南路证券营业部," 4,047,846.93 "," 136,431.00 ",-3911415.93,1,涨幅偏离值达7%的证券
317,20130104,300348.SZ,海通证券股份有限公司嵊州西前街证券营业部," 3,277,032.38 "," 3,175.00 ",-3273857.38,1,换手率达20%的证券
217,20130104,002700.SZ,红塔证券股份有限公司苏州人民路证券营业部," 3,072,455.93 ", -   ,-3072455.93,1,换手率达20%的证券
45,20130104,000677.SZ,宏源证券股份有限公司杭州莫干山路证券营业部, -   ," 1,232,245.00 ",1232245,0,连续三个交易日内，涨幅偏离值累计达到12%的ST证券、*ST证券和未完成股改证券
147,20130104,002239.SZ,宏源证券股份有限公司杭州莫干山路证券营业部, -   ," 2,074,443.00 ",2074443,0,连续三个交易日内，涨幅偏离值累计达20%的证券
225,20130104,002703.SZ,宏源证券股份有限公司库尔勒建设路证券营业部," 555,262.29 "," 1,104,372.00 ",549109.71,0,换手率达20%的证券
308,20130104,300316.SZ,宏源证券股份有限公司武汉和平大道证券营业部," 126,954.50 "," 2,822,058.10 ",2695103.6,0,涨幅偏离值达7%的证券
315,20130104,300348.SZ,宏源证券股份有限公司武汉和平大道证券营业部, -   ," 2,891,224.65 ",2891224.65,0,换手率达20%的证券
223,20130104,002703.SZ,华创证券有限责任公司上海宜山路证券营业部, -   ," 1,081,005.03 ",1081005.03,0,换手率达20%的证券
165,20130104,002484.SZ,华福证券有限责任公司泉州田安路证券营业部," 17,620.00 "," 2,201,539.00 ",2183919,0,涨幅偏离值达7%的证券
373,20130104,600784.SH,华林证券有限责任公司长沙五一大道证券营业部," 235,410.00 ",,-235410,1,涨幅偏离值达7%的证券
142,20130104,002239.SZ,华泰证券股份有限公司北京广渠门内大街证券营业部," 1,335,769.33 ", -   ,-1335769.33,1,连续三个交易日内，涨幅偏离值累计达20%的证券
191,20130104,002671.SZ,华泰证券股份有限公司北京月坛南街证券营业部," 2,860,253.20 "," 388,188.00 ",-2472065.2,1,涨幅偏离值达7%的证券
192,20130104,002671.SZ,华泰证券股份有限公司常州东横街证券营业部," 5,703,355.00 "," 1,166,136.21 ",-4537218.79,1,涨幅偏离值达7%的证券
354,20130104,600537.SH,华泰证券股份有限公司成都人民南路证券营业部,," 8,761,230.00 ",8761230,0,涨幅偏离值达7%的证券
60,20130104,000799.SZ,华泰证券股份有限公司成都蜀金路证券营业部," 198,175.00 "," 21,226,224.28 ",21028049.28,0,换手率达20%的证券
363,20130104,600722.SH,华泰证券股份有限公司成都蜀金路证券营业部,," 8,571,214.84 ",8571214.84,0,ST股票、*ST股票和S股连续三个交易日触及涨幅限制的股票
42,20130104,000677.SZ,华泰证券股份有限公司成都梓潼桥西街证券营业部, -   ," 16,080,000.00 ",16080000,0,连续三个交易日内，涨幅偏离值累计达到12%的ST证券、*ST证券和未完成股改证券
124,20130104,002151.SZ,华泰证券股份有限公司南京瑞金路证券营业部," 11,143,630.62 "," 14,907,326.82 ",3763696.2,0,连续三个交易日内，涨幅偏离值累计达20%的证券
271,20130104,300291.SZ,华泰证券股份有限公司南京长江路证券营业部," 2,914,958.52 "," 36,145.00 ",-2878813.52,1,涨幅偏离值达7%的证券
270,20130104,300291.SZ,华泰证券股份有限公司南京止马营证券营业部," 2,416,420.00 "," 41,202.00 ",-2375218,1,涨幅偏离值达7%的证券
212,20130104,002700.SZ,华泰证券股份有限公司厦门厦禾路证券营业部," 921,218.45 "," 3,934,850.60 ",3013632.15,0,换手率达20%的证券
176,20130104,002492.SZ,华泰证券股份有限公司上海黄河路证券营业部, -   ," 5,191,903.00 ",5191903,0,涨幅偏离值达7%的证券
184,20130104,002606.SZ,华泰证券股份有限公司绍兴上大路证券营业部," 6,783,282.92 "," 22,269.00 ",-6761013.92,1,换手率达20%的证券
247,20130104,300111.SZ,华泰证券股份有限公司绍兴上大路证券营业部," 10,109,234.53 ", -   ,-10109234.53,1,涨幅偏离值达7%的证券
16,20130104,000156.SZ,华泰证券股份有限公司深圳益田路荣超商务中心证券营业," 11,640,954.11 "," 147,323.00 ",-11493631.11,1,换手率达20%的证券
17,20130104,000156.SZ,华泰证券股份有限公司深圳益田路荣超商务中心证券营业," 11,640,954.11 "," 147,323.00 ",-11493631.11,1,涨幅偏离值达7%的证券
104,20130104,002145.SZ,华泰证券股份有限公司深圳益田路荣超商务中心证券营业," 9,828,111.07 "," 832,916.00 ",-8995195.07,1,换手率达20%的证券
105,20130104,002145.SZ,华泰证券股份有限公司深圳益田路荣超商务中心证券营业," 9,828,111.07 "," 832,916.00 ",-8995195.07,1,涨幅偏离值达7%的证券
143,20130104,002239.SZ,华泰证券股份有限公司深圳益田路荣超商务中心证券营业, -   ," 4,084,311.00 ",4084311,0,连续三个交易日内，涨幅偏离值累计达20%的证券
213,20130104,002700.SZ,华泰证券股份有限公司深圳益田路荣超商务中心证券营业," 2,854,973.86 "," 540,213.00 ",-2314760.86,1,换手率达20%的证券
246,20130104,300111.SZ,华泰证券股份有限公司深圳益田路荣超商务中心证券营业, -   ," 18,647,406.59 ",18647406.59,0,涨幅偏离值达7%的证券
355,20130104,600537.SH,华泰证券股份有限公司深圳益田路荣超商务中心证券营业部,," 13,327,377.17 ",13327377.17,0,涨幅偏离值达7%的证券
374,20130104,600784.SH,华泰证券股份有限公司深圳益田路荣超商务中心证券营业部,," 373,954.20 ",373954.2,0,涨幅偏离值达7%的证券
380,20130104,600882.SH,华泰证券股份有限公司深圳益田路荣超商务中心证券营业部,," 20,340,448.00 ",20340448,0,连续三个交易日内，涨幅偏离值累计达20%的证券
381,20130104,600882.SH,华泰证券股份有限公司深圳益田路荣超商务中心证券营业部," 20,006,106.19 ",,-20006106.19,1,连续三个交易日内，涨幅偏离值累计达20%的证券
5,20130104,000043.SZ,华泰证券股份有限公司苏州人民路证券营业部," 12,881,554.85 "," 1,659,690.00 ",-11221864.85,1,连续三个交易日内，涨幅偏离值累计达20%的证券
95,20130104,001914.SZ,华泰证券股份有限公司苏州人民路证券营业部," 12,881,554.85 "," 1,659,690.00 ",-11221864.85,1,连续三个交易日内，涨幅偏离值累计达20%的证券
185,20130104,002606.SZ,华泰证券股份有限公司苏州人民路证券营业部," 7,767,587.76 "," 149,277.00 ",-7618310.76,1,换手率达20%的证券
292,20130104,300298.SZ,华泰证券股份有限公司苏州人民路证券营业部," 67,150.00 "," 7,922,904.16 ",7855754.16,0,涨幅偏离值达7%的证券
254,20130104,300251.SZ,华泰证券股份有限公司无锡解放西路证券营业部," 16,861,875.28 "," 110,632.50 ",-16751242.78,1,换手率达20%的证券
284,20130104,300295.SZ,华泰证券股份有限公司无锡解放西路证券营业部," 40,744.00 "," 16,007,070.39 ",15966326.39,0,涨幅偏离值达7%的证券
43,20130104,000677.SZ,华泰证券股份有限公司武汉西马路证券营业部, -   ," 1,441,593.15 ",1441593.15,0,连续三个交易日内，涨幅偏离值累计达到12%的ST证券、*ST证券和未完成股改证券
72,20130104,000862.SZ,华泰证券股份有限公司武汉西马路证券营业部," 93,720.00 "," 1,287,356.00 ",1193636,0,涨幅偏离值达7%的证券
291,20130104,300298.SZ,华泰证券股份有限公司武汉西马路证券营业部, -   ," 4,650,822.00 ",4650822,0,涨幅偏离值达7%的证券
125,20130104,002151.SZ,华泰证券股份有限公司扬州文昌中路证券营业部," 11,508,188.27 "," 11,149,290.00 ",-358898.27,1,连续三个交易日内，涨幅偏离值累计达20%的证券
305,20130104,300316.SZ,华泰证券股份有限公司扬州文昌中路证券营业部," 8,369.00 "," 2,538,278.55 ",2529909.55,0,涨幅偏离值达7%的证券
333,20130104,600532.SH,华鑫证券有限责任公司上海茅台路证券营业部,," 7,487,098.00 ",7487098,0,涨幅偏离值达7%的证券
31,20130104,000417.SZ,机构专用, -   ," 10,419,899.38 ",10419899.38,0,涨幅偏离值达7%的证券
32,20130104,000417.SZ,机构专用, -   ," 10,496,755.93 ",10496755.93,0,涨幅偏离值达7%的证券
33,20130104,000417.SZ,机构专用, -   ," 12,034,609.63 ",12034609.63,0,涨幅偏离值达7%的证券
34,20130104,000417.SZ,机构专用, -   ," 14,542,301.46 ",14542301.46,0,涨幅偏离值达7%的证券
35,20130104,000417.SZ,机构专用, -   ," 14,660,231.34 ",14660231.34,0,涨幅偏离值达7%的证券
36,20130104,000417.SZ,机构专用," 38,872,150.13 ", -   ,-38872150.13,1,涨幅偏离值达7%的证券
37,20130104,000417.SZ,机构专用," 3,998,171.16 ", -   ,-3998171.16,1,涨幅偏离值达7%的证券
38,20130104,000417.SZ,机构专用," 3,570,700.34 ", -   ,-3570700.34,1,涨幅偏离值达7%的证券
57,20130104,000750.SZ,机构专用," 7,785,492.03 ", -   ,-7785492.03,1,换手率达20%的证券
65,20130104,000799.SZ,机构专用, -   ," 56,111,964.08 ",56111964.08,0,换手率达20%的证券
87,20130104,000898.SZ,机构专用, -   ," 12,810,000.00 ",12810000,0,涨幅偏离值达7%的证券
88,20130104,000898.SZ,机构专用, -   ," 18,313,383.86 ",18313383.86,0,涨幅偏离值达7%的证券
130,20130104,002236.SZ,机构专用, -   ," 12,883,806.00 ",12883806,0,跌幅偏离值达7%的证券
131,20130104,002236.SZ,机构专用, -   ," 21,535,079.85 ",21535079.85,0,跌幅偏离值达7%的证券
132,20130104,002236.SZ,机构专用, -   ," 39,394,216.51 ",39394216.51,0,跌幅偏离值达7%的证券
133,20130104,002236.SZ,机构专用," 51,334,500.85 ", -   ,-51334500.85,1,跌幅偏离值达7%的证券
134,20130104,002236.SZ,机构专用," 51,308,892.05 ", -   ,-51308892.05,1,跌幅偏离值达7%的证券
135,20130104,002236.SZ,机构专用," 30,546,031.25 ", -   ,-30546031.25,1,跌幅偏离值达7%的证券
136,20130104,002236.SZ,机构专用," 25,257,826.91 ", -   ,-25257826.91,1,跌幅偏离值达7%的证券
137,20130104,002236.SZ,机构专用," 23,401,123.76 ", -   ,-23401123.76,1,跌幅偏离值达7%的证券
195,20130104,002671.SZ,机构专用, -   ," 10,102,527.99 ",10102527.99,0,涨幅偏离值达7%的证券
196,20130104,002671.SZ,机构专用," 6,829,402.20 ", -   ,-6829402.2,1,涨幅偏离值达7%的证券
197,20130104,002671.SZ,机构专用," 3,538,371.95 ", -   ,-3538371.95,1,涨幅偏离值达7%的证券
257,20130104,300251.SZ,机构专用," 70,062,557.31 ", -   ,-70062557.31,1,换手率达20%的证券
258,20130104,300251.SZ,机构专用," 29,483,551.69 ", -   ,-29483551.69,1,换手率达20%的证券
259,20130104,300251.SZ,机构专用," 29,139,829.87 ", -   ,-29139829.87,1,换手率达20%的证券
275,20130104,300291.SZ,机构专用," 4,885,930.90 ", -   ,-4885930.9,1,涨幅偏离值达7%的证券
276,20130104,300291.SZ,机构专用," 2,431,766.86 ", -   ,-2431766.86,1,涨幅偏离值达7%的证券
277,20130104,300291.SZ,机构专用," 2,354,000.44 ", -   ,-2354000.44,1,涨幅偏离值达7%的证券
288,20130104,300295.SZ,机构专用," 11,092,405.00 ", -   ,-11092405,1,涨幅偏离值达7%的证券
289,20130104,300295.SZ,机构专用," 5,929,000.00 ", -   ,-5929000,1,涨幅偏离值达7%的证券
294,20130104,300298.SZ,机构专用," 15,737,705.76 ", -   ,-15737705.76,1,涨幅偏离值达7%的证券
295,20130104,300298.SZ,机构专用," 12,028,039.04 ", -   ,-12028039.04,1,涨幅偏离值达7%的证券
296,20130104,300298.SZ,机构专用," 10,017,510.62 ", -   ,-10017510.62,1,涨幅偏离值达7%的证券
297,20130104,300298.SZ,机构专用," 8,107,349.12 ", -   ,-8107349.12,1,涨幅偏离值达7%的证券
298,20130104,300298.SZ,机构专用," 6,213,423.48 ", -   ,-6213423.48,1,涨幅偏离值达7%的证券
328,20130104,300353.SZ,机构专用, -   ," 5,347,860.10 ",5347860.1,0,换手率达20%的证券
343,20130104,600535.SH,机构专用,," 11,136,877.65 ",11136877.65,0,跌幅偏离值达7%的证券
344,20130104,600535.SH,机构专用,," 36,685,776.39 ",36685776.39,0,跌幅偏离值达7%的证券
345,20130104,600535.SH,机构专用," 125,191,033.34 ",,-125191033.3,1,跌幅偏离值达7%的证券
346,20130104,600535.SH,机构专用," 31,485,795.18 ",,-31485795.18,1,跌幅偏离值达7%的证券
347,20130104,600535.SH,机构专用," 27,480,003.07 ",,-27480003.07,1,跌幅偏离值达7%的证券
348,20130104,600535.SH,机构专用," 25,004,013.14 ",,-25004013.14,1,跌幅偏离值达7%的证券
365,20130104,600722.SH,民生证券股份有限公司北京航丰路证券营业部," 10,007,289.96 ",,-10007289.96,1,ST股票、*ST股票和S股连续三个交易日触及涨幅限制的股票
66,20130104,000799.SZ,民生证券股份有限公司天津福安大街证券营业部, -   ," 70,062,545.47 ",70062545.47,0,换手率达20%的证券
385,20130104,600882.SH,民生证券股份有限公司天津福安大街证券营业部,," 9,692,791.57 ",9692791.57,0,连续三个交易日内，涨幅偏离值累计达20%的证券
47,20130104,000677.SZ,民生证券股份有限公司郑州郑汴路证券营业部," 123,600.00 ", -   ,-123600,1,连续三个交易日内，涨幅偏离值累计达到12%的ST证券、*ST证券和未完成股改证券
334,20130104,600532.SH,南京证券股份有限公司南京龙蟠路证券营业部," 2,316,100.00 ",,-2316100,1,涨幅偏离值达7%的证券
205,20130104,002694.SZ,南京证券股份有限公司南京热河路证券营业部," 3,515,565.00 "," 47,808.00 ",-3467757,1,换手率达20%的证券
204,20130104,002694.SZ,南京证券股份有限公司南京中山南路证券营业部," 3,310,230.40 "," 596,173.00 ",-2714057.4,1,换手率达20%的证券
74,20130104,000862.SZ,南京证券股份有限公司镇江中山东路证券营业部," 1,827,723.00 ", -   ,-1827723,1,涨幅偏离值达7%的证券
73,20130104,000862.SZ,南京证券股份有限公司中卫证券营业部," 697,775.38 ", -   ,-697775.38,1,涨幅偏离值达7%的证券
18,20130104,000156.SZ,平安证券有限责任公司杭州潮王路证券营业部," 3,274,286.00 "," 838,931.00 ",-2435355,1,换手率达20%的证券
19,20130104,000156.SZ,平安证券有限责任公司杭州潮王路证券营业部," 3,274,286.00 "," 838,931.00 ",-2435355,1,涨幅偏离值达7%的证券
46,20130104,000677.SZ,平安证券有限责任公司上海零陵路证券营业部, -   ," 9,840,000.00 ",9840000,0,连续三个交易日内，涨幅偏离值累计达到12%的ST证券、*ST证券和未完成股改证券
376,20130104,600784.SH,齐鲁证券有限公司济南历山路证券营业部," 1,181,040.00 ",,-1181040,1,涨幅偏离值达7%的证券
239,20130104,300103.SZ,齐鲁证券有限公司青岛正阳路证券营业部," 18,455.00 "," 3,980,891.13 ",3962436.13,0,换手率达20%的证券
159,20130104,002460.SZ,齐鲁证券有限公司厦门厦禾路证券营业部," 1,967,975.24 ", -   ,-1967975.24,1,涨幅偏离值达7%的证券
79,20130104,000862.SZ,齐鲁证券有限公司上海西安路证券营业部," 692,172.80 ", -   ,-692172.8,1,涨幅偏离值达7%的证券
368,20130104,600722.SH,齐鲁证券有限公司深圳红荔路银荔大厦证券营业部,," 6,606,918.46 ",6606918.46,0,ST股票、*ST股票和S股连续三个交易日触及涨幅限制的股票
369,20130104,600722.SH,齐鲁证券有限公司深圳红荔路银荔大厦证券营业部," 6,847,999.27 ",,-6847999.27,1,ST股票、*ST股票和S股连续三个交易日触及涨幅限制的股票
339,20130104,600532.SH,齐鲁证券有限公司石家庄中华南大街证券营业部," 2,712,275.00 ",,-2712275,1,涨幅偏离值达7%的证券
49,20130104,000677.SZ,齐鲁证券有限公司寿光公园北街证券营业部," 25,920,000.00 ", -   ,-25920000,1,连续三个交易日内，涨幅偏离值累计达到12%的ST证券、*ST证券和未完成股改证券
386,20130104,600882.SH,齐鲁证券有限公司淄博中润大道证券营业部," 14,606,437.20 ",,-14606437.2,1,连续三个交易日内，涨幅偏离值累计达20%的证券
59,20130104,000750.SZ,瑞银证券有限责任公司上海花园石桥路证券营业部," 147,453.00 "," 18,089,608.92 ",17942155.92,0,换手率达20%的证券
139,20130104,002236.SZ,瑞银证券有限责任公司上海花园石桥路证券营业部, -   ," 32,900,938.36 ",32900938.36,0,跌幅偏离值达7%的证券
6,20130104,000043.SZ,厦门证券有限公司厦门湖滨西路证券营业部," 119,713.00 "," 13,491,820.44 ",13372107.44,0,连续三个交易日内，涨幅偏离值累计达20%的证券
96,20130104,001914.SZ,厦门证券有限公司厦门湖滨西路证券营业部," 119,713.00 "," 13,491,820.44 ",13372107.44,0,连续三个交易日内，涨幅偏离值累计达20%的证券
106,20130104,002145.SZ,山西证券股份有限公司太原平阳路证券营业部," 2,204.00 "," 6,095,000.00 ",6092796,0,换手率达20%的证券
107,20130104,002145.SZ,山西证券股份有限公司太原平阳路证券营业部," 2,204.00 "," 6,095,000.00 ",6092796,0,涨幅偏离值达7%的证券
248,20130104,300111.SZ,山西证券股份有限公司太原漪汾街证券营业部," 537,300.00 "," 2,673,558.79 ",2136258.79,0,涨幅偏离值达7%的证券
357,20130104,600537.SH,山西证券股份有限公司太原迎泽大街证券营业部," 5,465,206.29 ",,-5465206.29,1,涨幅偏离值达7%的证券
240,20130104,300111.SZ,上海证券有限责任公司杭州文二路证券营业部," 37,600.00 "," 2,814,662.00 ",2777062,0,涨幅偏离值达7%的证券
249,20130104,300111.SZ,申银万国证券股份有限公司成都槐树街证券营业部," 6,578.00 "," 11,158,855.00 ",11152277,0,涨幅偏离值达7%的证券
68,20130104,000799.SZ,申银万国证券股份有限公司上海崇明证券营业部," 123,318.00 "," 20,630,829.37 ",20507511.37,0,换手率达20%的证券
228,20130104,002703.SZ,申银万国证券股份有限公司上海崇明证券营业部, -   ," 4,339,086.46 ",4339086.46,0,换手率达20%的证券
266,20130104,300262.SZ,申银万国证券股份有限公司上海广东路证券营业部," 6,202,633.61 "," 550,546.00 ",-5652087.61,1,换手率达20%的证券
69,20130104,000799.SZ,申银万国证券股份有限公司上海海宁路证券营业部," 105,379,601.03 "," 133,365.00 ",-105246236,1,换手率达20%的证券
116,20130104,002145.SZ,申银万国证券股份有限公司上海陆家嘴环路证券营业部," 356,494.00 "," 11,623,651.12 ",11267157.12,0,换手率达20%的证券
117,20130104,002145.SZ,申银万国证券股份有限公司上海陆家嘴环路证券营业部," 356,494.00 "," 11,623,651.12 ",11267157.12,0,涨幅偏离值达7%的证券
267,20130104,300262.SZ,申银万国证券股份有限公司上海陆家嘴环路证券营业部," 15,430,702.94 ", -   ,-15430702.94,1,换手率达20%的证券
216,20130104,002700.SZ,申银万国证券股份有限公司上海上中西路证券营业部," 3,219,533.30 "," 21,569.00 ",-3197964.3,1,换手率达20%的证券
150,20130104,002460.SZ,世纪证券有限责任公司九江庐山区长虹大道证券营业部," 1,913,158.92 ", -   ,-1913158.92,1,涨幅偏离值达7%的证券
360,20130104,600722.SH,世纪证券有限责任公司深圳深南大道中证券营业部,," 9,902,361.00 ",9902361,0,ST股票、*ST股票和S股连续三个交易日触及涨幅限制的股票
28,20130104,000156.SZ,首创证券有限责任公司北京五道口证券营业部, -   ," 2,535,240.20 ",2535240.2,0,换手率达20%的证券
29,20130104,000156.SZ,首创证券有限责任公司北京五道口证券营业部, -   ," 2,535,240.20 ",2535240.2,0,涨幅偏离值达7%的证券
89,20130104,000898.SZ,首创证券有限责任公司上海共和新路证券营业部," 6,872,567.80 "," 4,270,000.00 ",-2602567.8,1,涨幅偏离值达7%的证券
78,20130104,000862.SZ,首创证券有限责任公司上海水城路证券营业部," 901,600.00 "," 3,150.00 ",-898450,1,涨幅偏离值达7%的证券
342,20130104,600535.SH,天源证券有限公司盘锦泰山路证券营业部,," 13,192,339.60 ",13192339.6,0,跌幅偏离值达7%的证券
260,20130104,300262.SZ,万联证券有限责任公司广州滨江东路证券营业部," 2,194.00 "," 5,342,484.50 ",5340290.5,0,换手率达20%的证券
379,20130104,600882.SH,五矿证券有限公司杭州中山北路证券营业部,," 7,956,623.00 ",7956623,0,连续三个交易日内，涨幅偏离值累计达20%的证券
71,20130104,000862.SZ,五矿证券有限公司深圳金田路证券营业部," 5,044.00 "," 6,438,712.00 ",6433668,0,涨幅偏离值达7%的证券
100,20130104,002145.SZ,五矿证券有限公司深圳金田路证券营业部," 9,440,507.99 "," 43,810.00 ",-9396697.99,1,换手率达20%的证券
101,20130104,002145.SZ,五矿证券有限公司深圳金田路证券营业部," 9,440,507.99 "," 43,810.00 ",-9396697.99,1,涨幅偏离值达7%的证券
175,20130104,002492.SZ,五矿证券有限公司深圳金田路证券营业部, -   ," 10,925,234.50 ",10925234.5,0,涨幅偏离值达7%的证券
158,20130104,002460.SZ,西藏同信证券有限责任公司上海东方路证券营业部, -   ," 4,010,112.00 ",4010112,0,涨幅偏离值达7%的证券
268,20130104,300262.SZ,西藏同信证券有限责任公司上海东方路证券营业部," 8,332,804.81 "," 143,968.00 ",-8188836.81,1,换手率达20%的证券
299,20130104,300298.SZ,西南证券股份有限公司重庆万州高笋塘证券营业部, -   ," 4,506,745.12 ",4506745.12,0,涨幅偏离值达7%的证券
67,20130104,000799.SZ,湘财证券有限责任公司北京首体南路证券营业部," 47,298,199.18 "," 211,525.00 ",-47086674.18,1,换手率达20%的证券
349,20130104,600535.SH,湘财证券有限责任公司北京首体南路证券营业部," 44,418,713.50 ",,-44418713.5,1,跌幅偏离值达7%的证券
336,20130104,600532.SH,湘财证券有限责任公司上海金沙江路证券营业部,," 3,173,057.00 ",3173057,0,涨幅偏离值达7%的证券
157,20130104,002460.SZ,新时代证券有限责任公司深圳深南东路证券营业部," 2,585,964.55 ", -   ,-2585964.55,1,涨幅偏离值达7%的证券
183,20130104,002606.SZ,信达证券股份有限公司铁岭光荣街证券营业部," 11,796.00 "," 3,854,157.00 ",3842361,0,换手率达20%的证券
211,20130104,002700.SZ,兴业证券股份有限公司太原双塔寺街证券营业部, -   ," 3,047,469.07 ",3047469.07,0,换手率达20%的证券
229,20130104,002703.SZ,长城证券有限责任公司北京通胡大街证券营业部," 961,223.00 "," 3,306.00 ",-957917,1,换手率达20%的证券
76,20130104,000862.SZ,长城证券有限责任公司北京中关村大街证券营业部, -   ," 1,458,210.00 ",1458210,0,涨幅偏离值达7%的证券
279,20130104,300291.SZ,长城证券有限责任公司北京中关村大街证券营业部," 6,579.00 "," 4,437,744.60 ",4431165.6,0,涨幅偏离值达7%的证券
26,20130104,000156.SZ,长城证券有限责任公司杭州文华路证券营业部," 135,253.00 "," 5,327,096.00 ",5191843,0,换手率达20%的证券
27,20130104,000156.SZ,长城证券有限责任公司杭州文华路证券营业部," 135,253.00 "," 5,327,096.00 ",5191843,0,涨幅偏离值达7%的证券
77,20130104,000862.SZ,长城证券有限责任公司莆田荔城大道证券营业部, -   ," 1,351,756.00 ",1351756,0,涨幅偏离值达7%的证券
367,20130104,600722.SH,长江证券股份有限公司成都光华村街证券营业部,," 13,389,831.55 ",13389831.55,0,ST股票、*ST股票和S股连续三个交易日触及涨幅限制的股票
219,20130104,002700.SZ,长江证券股份有限公司惠州下埔路证券营业部," 5,885,397.50 "," 418,104.00 ",-5467293.5,1,换手率达20%的证券
319,20130104,300348.SZ,长江证券股份有限公司郑州金水路证券营业部," 2,630,720.50 "," 71,118.72 ",-2559601.78,1,换手率达20%的证券
358,20130104,600537.SH,招商证券股份有限公司北京车公庄西路证券营业部,," 7,847,556.01 ",7847556.01,0,涨幅偏离值达7%的证券
149,20130104,002239.SZ,招商证券股份有限公司北京知春东里证券营业部," 1,067,884.02 ", -   ,-1067884.02,1,连续三个交易日内，涨幅偏离值累计达20%的证券
187,20130104,002606.SZ,招商证券股份有限公司北京知春东里证券营业部," 79,015.00 "," 2,392,498.01 ",2313483.01,0,换手率达20%的证券
326,20130104,300353.SZ,招商证券股份有限公司南京中山南路证券营业部," 2,659,702.20 "," 560,129.85 ",-2099572.35,1,换手率达20%的证券
286,20130104,300295.SZ,招商证券股份有限公司上海娄山关路证券营业部," 8,449,189.32 ", -   ,-8449189.32,1,涨幅偏离值达7%的证券
75,20130104,000862.SZ,招商证券股份有限公司上海肇嘉浜路证券营业部," 1,318,235.00 "," 7,073.00 ",-1311162,1,涨幅偏离值达7%的证券
214,20130104,002700.SZ,招商证券股份有限公司深圳东门南路证券营业部," 154,284.00 "," 3,572,423.76 ",3418139.76,0,换手率达20%的证券
327,20130104,300353.SZ,招商证券股份有限公司深圳南山南油大道证券营业部," 194,190.00 "," 1,784,184.20 ",1589994.2,0,换手率达20%的证券
256,20130104,300251.SZ,招商证券股份有限公司深圳笋岗路证券营业部," 88,627.00 "," 9,454,981.16 ",9366354.16,0,换手率达20%的证券
178,20130104,002492.SZ,招商证券股份有限公司长春亚泰大街证券营业部," 2,749,340.00 ", -   ,-2749340,1,涨幅偏离值达7%的证券
215,20130104,002700.SZ,招商证券股份有限公司长沙芙蓉中路证券营业部," 2,576,112.10 "," 902,092.00 ",-1674020.1,1,换手率达20%的证券
167,20130104,002484.SZ,浙商证券股份有限公司厦门杏林东路证券营业部," 2,282,639.36 "," 4,697,867.13 ",2415227.77,0,涨幅偏离值达7%的证券
168,20130104,002484.SZ,浙商证券股份有限公司厦门杏林东路证券营业部," 2,282,639.36 "," 4,697,867.13 ",2415227.77,1,涨幅偏离值达7%的证券
20,20130104,000156.SZ,浙商证券股份有限公司上海万航渡路证券营业部," 27,520.00 "," 3,441,000.00 ",3413480,0,换手率达20%的证券
21,20130104,000156.SZ,浙商证券股份有限公司上海万航渡路证券营业部," 27,520.00 "," 3,441,000.00 ",3413480,0,涨幅偏离值达7%的证券
227,20130104,002703.SZ,浙商证券股份有限公司绍兴解放北路证券营业部," 592,753.25 "," 1,815,847.35 ",1223094.1,0,换手率达20%的证券
0,20130104,000043.SZ,中国国际金融有限公司上海淮海中路证券营业部," 16,970,815.06 "," 16,377,628.00 ",-593187.06,0,连续三个交易日内，涨幅偏离值累计达20%的证券
1,20130104,000043.SZ,中国国际金融有限公司上海淮海中路证券营业部," 16,970,815.06 "," 16,377,628.00 ",-593187.06,1,连续三个交易日内，涨幅偏离值累计达20%的证券
30,20130104,000417.SZ,中国国际金融有限公司上海淮海中路证券营业部," 7,545,992.81 "," 68,505.00 ",-7477487.81,1,涨幅偏离值达7%的证券
51,20130104,000750.SZ,中国国际金融有限公司上海淮海中路证券营业部," 8,315,067.11 "," 83,441.00 ",-8231626.11,1,换手率达20%的证券
90,20130104,001914.SZ,中国国际金融有限公司上海淮海中路证券营业部," 16,970,815.06 "," 16,377,628.00 ",-593187.06,0,连续三个交易日内，涨幅偏离值累计达20%的证券
91,20130104,001914.SZ,中国国际金融有限公司上海淮海中路证券营业部," 16,970,815.06 "," 16,377,628.00 ",-593187.06,1,连续三个交易日内，涨幅偏离值累计达20%的证券
202,20130104,002694.SZ,中国国际金融有限公司上海淮海中路证券营业部," 5,050,700.90 ", -   ,-5050700.9,1,换手率达20%的证券
281,20130104,300295.SZ,中国国际金融有限公司上海淮海中路证券营业部," 1,437,878.98 "," 10,873,468.00 ",9435589.02,0,涨幅偏离值达7%的证券
341,20130104,600535.SH,中国国际金融有限公司上海淮海中路证券营业部,," 11,227,557.80 ",11227557.8,0,跌幅偏离值达7%的证券
2,20130104,000043.SZ,中国国际金融有限公司深圳福华一路证券营业部," 14,052,271.14 ", -   ,-14052271.14,1,连续三个交易日内，涨幅偏离值累计达20%的证券
92,20130104,001914.SZ,中国国际金融有限公司深圳福华一路证券营业部," 14,052,271.14 ", -   ,-14052271.14,1,连续三个交易日内，涨幅偏离值累计达20%的证券
155,20130104,002460.SZ,中国民族证券有限责任公司广州福今路证券营业部," 6,120,433.44 ", -   ,-6120433.44,1,涨幅偏离值达7%的证券
83,20130104,000898.SZ,中国银河证券股份有限公司北京金融街证券营业部," 6,864,536.00 "," 45,268.00 ",-6819268,1,涨幅偏离值达7%的证券
210,20130104,002700.SZ,中国银河证券股份有限公司福州证券营业部," 346,137.00 "," 2,367,559.50 ",2021422.5,0,换手率达20%的证券
182,20130104,002606.SZ,中国银河证券股份有限公司合肥屯溪路证券营业部, -   ," 2,274,319.84 ",2274319.84,0,换手率达20%的证券
252,20130104,300251.SZ,中国银河证券股份有限公司马鞍山证券营业部," 39,080.00 "," 8,570,169.00 ",8531089,0,换手率达20%的证券
173,20130104,002492.SZ,中国银河证券股份有限公司宁波翠柏路证券营业部, -   ," 6,108,313.75 ",6108313.75,0,涨幅偏离值达7%的证券
282,20130104,300295.SZ,中国银河证券股份有限公司宁波大庆南路证券营业部, -   ," 15,065,470.42 ",15065470.42,0,涨幅偏离值达7%的证券
122,20130104,002151.SZ,中国银河证券股份有限公司厦门美湖路证券营业部," 16,881,751.21 "," 14,724,411.00 ",-2157340.21,0,连续三个交易日内，涨幅偏离值累计达20%的证券
123,20130104,002151.SZ,中国银河证券股份有限公司厦门美湖路证券营业部," 16,881,751.21 "," 14,724,411.00 ",-2157340.21,1,连续三个交易日内，涨幅偏离值累计达20%的证券
262,20130104,300262.SZ,中国银河证券股份有限公司厦门美湖路证券营业部," 7,913,689.96 "," 26,770.00 ",-7886919.96,1,换手率达20%的证券
251,20130104,300251.SZ,中国银河证券股份有限公司上海肇嘉浜路证券营业部," 558,267.00 "," 7,048,671.79 ",6490404.79,0,换手率达20%的证券
3,20130104,000043.SZ,中国银河证券股份有限公司绍兴证券营业部," 5,276,763.48 "," 15,543,450.07 ",10266686.59,0,连续三个交易日内，涨幅偏离值累计达20%的证券
93,20130104,001914.SZ,中国银河证券股份有限公司绍兴证券营业部," 5,276,763.48 "," 15,543,450.07 ",10266686.59,0,连续三个交易日内，涨幅偏离值累计达20%的证券
203,20130104,002694.SZ,中国银河证券股份有限公司绍兴证券营业部, -   ," 4,430,065.00 ",4430065,0,换手率达20%的证券
243,20130104,300111.SZ,中国银河证券股份有限公司绍兴证券营业部," 3,520,546.08 "," 6,776,975.58 ",3256429.5,0,涨幅偏离值达7%的证券
244,20130104,300111.SZ,中国银河证券股份有限公司绍兴证券营业部," 3,520,546.08 "," 6,776,975.58 ",3256429.5,1,涨幅偏离值达7%的证券
283,20130104,300295.SZ,中国银河证券股份有限公司深圳宝安路证券营业部," 5,548,622.00 ", -   ,-5548622,1,涨幅偏离值达7%的证券
232,20130104,300103.SZ,中国银河证券股份有限公司武汉花桥证券营业部," 2,919,965.66 "," 15,206.00 ",-2904759.66,1,换手率达20%的证券
303,20130104,300316.SZ,中国银河证券股份有限公司宜昌新世纪证券营业部," 3,198,142.00 "," 108,798.75 ",-3089343.25,1,涨幅偏离值达7%的证券
141,20130104,002239.SZ,中国银河证券股份有限公司义乌稠州北路证券营业部," 2,949,996.00 ", -   ,-2949996,1,连续三个交易日内，涨幅偏离值累计达20%的证券
233,20130104,300103.SZ,中国银河证券股份有限公司重庆民族路证券营业部, -   ," 3,142,603.10 ",3142603.1,0,换手率达20%的证券
70,20130104,000862.SZ,中国中投证券有限责任公司杭州环球中心证券营业部, -   ," 4,517,015.00 ",4517015,0,涨幅偏离值达7%的证券
361,20130104,600722.SH,中国中投证券有限责任公司南通姚港路证券营业部," 2,817,675.32 ",,-2817675.32,1,ST股票、*ST股票和S股连续三个交易日触及涨幅限制的股票
163,20130104,002484.SZ,中国中投证券有限责任公司无锡清扬路证券营业部," 1,187.00 "," 2,594,516.04 ",2593329.04,0,涨幅偏离值达7%的证券
172,20130104,002492.SZ,中国中投证券有限责任公司无锡清扬路证券营业部, -   ," 3,575,000.00 ",3575000,0,涨幅偏离值达7%的证券
362,20130104,600722.SH,中国中投证券有限责任公司无锡清扬路证券营业部," 2,938,981.45 ",,-2938981.45,1,ST股票、*ST股票和S股连续三个交易日触及涨幅限制的股票
245,20130104,300111.SZ,中航证券有限公司北京安立路证券营业部," 3,622,974.00 ", -   ,-3622974,1,涨幅偏离值达7%的证券
371,20130104,600784.SH,中航证券有限公司北京安立路证券营业部," 86,640.00 ",,-86640,1,涨幅偏离值达7%的证券
41,20130104,000677.SZ,中航证券有限公司深圳春风路证券营业部," 124,449.75 ", -   ,-124449.75,1,连续三个交易日内，涨幅偏离值累计达到12%的ST证券、*ST证券和未完成股改证券
331,20130104,600532.SH,中山证券有限责任公司杭州杨公堤证券营业部,," 2,563,557.00 ",2563557,0,涨幅偏离值达7%的证券
160,20130104,002484.SZ,中信建投证券股份有限公司北京海淀南路证券营业部," 1,592,260.72 "," 15,079.60 ",-1577181.12,1,涨幅偏离值达7%的证券
340,20130104,600535.SH,中信建投证券股份有限公司广州天河路证券营业部,," 30,966,810.75 ",30966810.75,0,跌幅偏离值达7%的证券
241,20130104,300111.SZ,中信建投证券股份有限公司杭州庆春路证券营业部," 14,894,477.51 "," 43,540.00 ",-14850937.51,1,涨幅偏离值达7%的证券
151,20130104,002460.SZ,中信建投证券股份有限公司吉安井冈山大道证券营业部," 1,988,748.00 ", -   ,-1988748,1,涨幅偏离值达7%的证券
180,20130104,002606.SZ,中信建投证券股份有限公司南昌子固路证券营业部," 7,912,018.99 ", -   ,-7912018.99,1,换手率达20%的证券
322,20130104,300353.SZ,中信建投证券股份有限公司南京龙园西路证券营业部," 3,259,187.50 "," 356,647.00 ",-2902540.5,1,换手率达20%的证券
330,20130104,600532.SH,中信建投证券股份有限公司武汉市中北路证券营业部," 14,839,874.39 ",,-14839874.39,1,涨幅偏离值达7%的证券
10,20130104,000156.SZ,中信建投证券股份有限公司武汉中北路证券营业部," 5,483,052.34 "," 312,534.00 ",-5170518.34,1,换手率达20%的证券
11,20130104,000156.SZ,中信建投证券股份有限公司武汉中北路证券营业部," 5,483,052.34 "," 312,534.00 ",-5170518.34,1,涨幅偏离值达7%的证券
152,20130104,002460.SZ,中信建投证券股份有限公司武汉中北路证券营业部," 2,124.00 "," 5,471,447.72 ",5469323.72,0,涨幅偏离值达7%的证券
181,20130104,002606.SZ,中信建投证券股份有限公司武汉中北路证券营业部," 6,635,071.78 "," 53,095.00 ",-6581976.78,1,换手率达20%的证券
378,20130104,600882.SH,中信建投证券股份有限公司淄博市中心路证券营业部," 15,069,249.32 ",,-15069249.32,1,连续三个交易日内，涨幅偏离值累计达20%的证券
280,20130104,300295.SZ,中信万通证券有限责任公司胶州湖州路证券营业部," 5,445,580.56 ", -   ,-5445580.56,1,涨幅偏离值达7%的证券
350,20130104,600537.SH,中信万通证券有限责任公司临沂金雀山路证券营业部," 2,921,696.00 ",,-2921696,1,涨幅偏离值达7%的证券
310,20130104,300348.SZ,中信万通证券有限责任公司青岛标山路证券营业部," 5,254,286.30 "," 25,014.00 ",-5229272.3,1,换手率达20%的证券
290,20130104,300298.SZ,中信证券（浙江）有限责任公司海宁硖西路证券营业部," 122,062.26 "," 5,163,360.00 ",5041297.74,0,涨幅偏离值达7%的证券
352,20130104,600537.SH,中信证券（浙江）有限责任公司杭州文三路证券营业部,," 10,011,704.50 ",10011704.5,0,涨幅偏离值达7%的证券
302,20130104,300316.SZ,中信证券（浙江）有限责任公司金华中山路证券营业部," 1,152,730.90 "," 3,266,432.50 ",2113701.6,0,涨幅偏离值达7%的证券
140,20130104,002239.SZ,中信证券（浙江）有限责任公司临安钱王街证券营业部," 929,212.41 ", -   ,-929212.41,1,连续三个交易日内，涨幅偏离值累计达20%的证券
311,20130104,300348.SZ,中信证券（浙江）有限责任公司绍兴越王城证券营业部, -   ," 2,352,785.57 ",2352785.57,0,换手率达20%的证券
242,20130104,300111.SZ,中信证券（浙江）有限责任公司嵊州时代商务广场证券营," 8,004,114.00 ", -   ,-8004114,1,涨幅偏离值达7%的证券
40,20130104,000677.SZ,中信证券股份有限公司北京复外大街证券营业部," 348,320.25 ", -   ,-348320.25,1,连续三个交易日内，涨幅偏离值累计达到12%的ST证券、*ST证券和未完成股改证券
154,20130104,002460.SZ,中信证券股份有限公司大连星海广场证券营业部, -   ," 6,467,580.00 ",6467580,0,涨幅偏离值达7%的证券
12,20130104,000156.SZ,中信证券股份有限公司上海漕溪北路证券营业部," 10,960,536.49 ", -   ,-10960536.49,1,换手率达20%的证券
13,20130104,000156.SZ,中信证券股份有限公司上海漕溪北路证券营业部," 10,960,536.49 ", -   ,-10960536.49,1,涨幅偏离值达7%的证券
171,20130104,002492.SZ,中信证券股份有限公司上海漕溪北路证券营业部," 22,526.00 "," 16,471,166.25 ",16448640.25,0,涨幅偏离值达7%的证券
200,20130104,002694.SZ,中信证券股份有限公司上海东方路证券营业部," 14,724,453.86 "," 2,163,803.61 ",-12560650.25,0,换手率达20%的证券
201,20130104,002694.SZ,中信证券股份有限公司上海东方路证券营业部," 14,724,453.86 "," 2,163,803.61 ",-12560650.25,1,换手率达20%的证券
153,20130104,002460.SZ,中信证券股份有限公司上海淮海中路证券营业部," 46,676.00 "," 2,506,681.08 ",2460005.08,0,涨幅偏离值达7%的证券
261,20130104,300262.SZ,中信证券股份有限公司上海淮海中路证券营业部," 4,772,872.77 "," 4,398,000.00 ",-374872.77,0,换手率达20%的证券
301,20130104,300316.SZ,中信证券股份有限公司上海淮海中路证券营业部," 5,420,345.88 "," 21,852.00 ",-5398493.88,1,涨幅偏离值达7%的证券
50,20130104,000750.SZ,中信证券股份有限公司上海溧阳路证券营业部," 7,552,332.44 "," 274,918.72 ",-7277413.72,1,换手率达20%的证券
81,20130104,000898.SZ,中信证券股份有限公司上海溧阳路证券营业部," 10,097,267.43 "," 4,270.00 ",-10092997.43,1,涨幅偏离值达7%的证券
82,20130104,000898.SZ,中信证券股份有限公司深圳福华一路证券营业部," 16,039,703.02 "," 6,113,966.00 ",-9925737.02,1,涨幅偏离值达7%的证券
351,20130104,600537.SH,中信证券股份有限公司深圳福华一路证券营业部," 7,344,690.83 ",,-7344690.83,1,涨幅偏离值达7%的证券
174,20130104,002492.SZ,中银国际证券有限责任公司北京宣外大街证券营业部," 2,201,209.11 "," 6,875.00 ",-2194334.11,1,涨幅偏离值达7%的证券
221,20130104,002703.SZ,中银国际证券有限责任公司沈阳和平南大街证券营业部," 823,189.00 ", -   ,-823189,1,换手率达20%的证券
234,20130104,300103.SZ,中银国际证券有限责任公司沈阳和平南大街证券营业部," 5,629,829.13 ", -   ,-5629829.13,1,换手率达20%的证券
313,20130104,300348.SZ,中银国际证券有限责任公司重庆江北证券营业部," 6,433.00 "," 2,629,502.83 ",2623069.83,0,换手率达20%的证券
161,20130104,002484.SZ,中原证券股份有限公司杭州新华路证券营业部," 2,301,103.00 "," 1,477,378.00 ",-823725,0,涨幅偏离值达7%的证券
162,20130104,002484.SZ,中原证券股份有限公司杭州新华路证券营业部," 2,301,103.00 "," 1,477,378.00 ",-823725,1,涨幅偏离值达7%的证券
312,20130104,300348.SZ,中原证券股份有限公司开封大梁路证券营业部," 2,284,431.00 "," 189,000.00 ",-2095431,1,换手率达20%的证券
